{
    "Accuracy": {
        "0.25-4": 0.7124363125874162,
        "0.25-6": 0.600353865540215,
        "0.25-8": 0.6521547429387411,
        "0.5-4": 0.7124363125874162,
        "0.5-6": 0.6914986526025331,
        "0.5-8": 0.6617307312690168,
        "0.75-4": 0.7861241660945943,
        "0.75-6": 0.754459042538285,
        "0.75-8": 0.7544033462713929
    },
    "Coverage": {
        "0.25-4": 0.2692979045291317,
        "0.25-6": 0.2581068673356358,
        "0.25-8": 0.3199435112797727,
        "0.5-4": 0.2692979045291317,
        "0.5-6": 0.2659620978393063,
        "0.5-8": 0.3176492422950269,
        "0.75-4": 0.2334867544410542,
        "0.75-6": 0.1935298357788854,
        "0.75-8": 0.19954685277028233
    },
    "IPC": {
        "0.25-4": 0.222645,
        "0.25-6": 0.243394,
        "0.25-8": 0.247193,
        "0.5-4": 0.222645,
        "0.5-6": 0.23328,
        "0.5-8": 0.24555,
        "0.75-4": 0.21702,
        "0.75-6": 0.211511,
        "0.75-8": 0.212759
    }
}