{
    "Accuracy": {
        "0.25-0.05": 0.6531014391213298,
        "0.25-0.15": 0.6556436686239469,
        "0.25-0.25": 0.6524475592113536,
        "0.5-0.05": 0.676553063281544,
        "0.5-0.15": 0.6713875465007128,
        "0.5-0.25": 0.6665460765728105,
        "0.75-0.05": 0.7716197103706968,
        "0.75-0.15": 0.7717695926975295,
        "0.75-0.25": 0.7726300271470435
    },
    "Coverage": {
        "0.25-0.05": 0.33138916717149636,
        "0.25-0.15": 0.32223125503194305,
        "0.25-0.25": 0.30857634289426167,
        "0.5-0.05": 0.321960661814199,
        "0.5-0.15": 0.3154958110598476,
        "0.5-0.25": 0.30582772030968075,
        "0.75-0.05": 0.1968089138674683,
        "0.75-0.15": 0.19670187765814232,
        "0.75-0.25": 0.19659665180803282
    },
    "IPC": {
        "0.25-0.05": 0.247562,
        "0.25-0.15": 0.23995,
        "0.25-0.25": 0.23507,
        "0.5-0.05": 0.247528,
        "0.5-0.15": 0.239972,
        "0.5-0.25": 0.233228,
        "0.75-0.05": 0.238049,
        "0.75-0.15": 0.237963,
        "0.75-0.25": 0.231663
    }
}