{
    "Accuracy": {
        "0.05-16": 0.3223171284413611,
        "0.15-16": 0.32293156770597337,
        "0.25-06": 0.2518778930453864,
        "0.25-08": 0.25849483464997164,
        "0.25-10": 0.2778760755260427,
        "0.25-12": 0.2803751517326147,
        "0.25-14": 0.2849066750489016,
        "0.25-16": 0.2852736326881281,
        "0.5-06": 0.1775470847934853,
        "0.5-08": 0.1775470847934853,
        "0.5-10": 0.17767861001101332,
        "0.5-12": 0.1775470847934853,
        "0.75-06": 0.17767861001101332,
        "0.75-08": 0.17767861001101332,
        "0.75-10": 0.17767861001101332,
        "0.75-12": 0.17767861001101332
    },
    "Coverage": {
        "0.05-16": 0.3649685635982589,
        "0.15-16": 0.36555677593706054,
        "0.25-06": 0.22118587431107928,
        "0.25-08": 0.2297739245729844,
        "0.25-10": 0.2560393972266893,
        "0.25-12": 0.26085489633423065,
        "0.25-14": 0.2671883421251009,
        "0.25-16": 0.2677345334550505,
        "0.5-06": 0.13464989433929525,
        "0.5-08": 0.13464989433929525,
        "0.5-10": 0.13467409903749206,
        "0.5-12": 0.13464989433929525,
        "0.75-06": 0.13467409903749206,
        "0.75-08": 0.13467409903749206,
        "0.75-10": 0.13467409903749206,
        "0.75-12": 0.13467409903749206
    },
    "IPC": {
        "0.05-16": 0.242624,
        "0.15-16": 0.242304,
        "0.25-06": 0.218375,
        "0.25-08": 0.218577,
        "0.25-10": 0.22223,
        "0.25-12": 0.22239,
        "0.25-14": 0.222789,
        "0.25-16": 0.222762,
        "0.5-06": 0.209062,
        "0.5-08": 0.209062,
        "0.5-10": 0.208561,
        "0.5-12": 0.209062,
        "0.75-06": 0.208561,
        "0.75-08": 0.208561,
        "0.75-10": 0.208561,
        "0.75-12": 0.208561
    }
}