{
    "Accuracy": {
        "0.25-0.05": 0.24108903038680293,
        "0.25-0.15": 0.22095740941913222,
        "0.25-0.25": 0.1904149518413305,
        "0.5-0.05": 0.2513618629490787,
        "0.5-0.15": 0.22883834933901234,
        "0.5-0.25": 0.19255181404984506,
        "0.75-0.05": 0.3719838179267299,
        "0.75-0.15": 0.37198579334667103,
        "0.75-0.25": 0.35857554427453214
    },
    "Coverage": {
        "0.25-0.05": 0.3196475299758751,
        "0.25-0.15": 0.27398960384467574,
        "0.25-0.25": 0.21530341825817553,
        "0.5-0.05": 0.32446832634951933,
        "0.5-0.15": 0.27902002245839025,
        "0.5-0.25": 0.20884430695802253,
        "0.75-0.05": 0.3542497120547088,
        "0.75-0.15": 0.35437456999639616,
        "0.75-0.25": 0.3276504140798617
    },
    "IPC": {
        "0.25-0.05": 0.247562,
        "0.25-0.15": 0.23995,
        "0.25-0.25": 0.23507,
        "0.5-0.05": 0.247528,
        "0.5-0.15": 0.239972,
        "0.5-0.25": 0.233228,
        "0.75-0.05": 0.238049,
        "0.75-0.15": 0.237963,
        "0.75-0.25": 0.231663
    }
}