{
    "Cumulative IPC": {
        "baseline-no-prefetcher.txt": 0.142776,
        "baseline-prefetcher.txt": 0.21318,
        "0.25-1-3.txt": 0.211434,
        "0.25-1-5.txt": 0.212754,
        "0.25-1-7.txt": 0.230778,
        "0.25-3-5.txt": 0.224083,
        "0.25-3-7.txt": 0.242436,
        "0.25-5-7-0.25-1-16.txt": 0.230673,
        "0.25-5-7-0.25-11-13.txt": 0.252426,
        "0.25-5-7-0.25-13-15.txt": 0.25264,
        "0.25-5-7-0.25-16-16.txt": 0.252728,
        "0.25-5-7-0.25-7-9.txt": 0.249529,
        "0.25-5-7-0.25-9-11.txt": 0.251199,
        "0.25-5-7.txt": 0.246235,
        "0.5-1-3.txt": 0.20361,
        "0.5-1-5.txt": 0.213831,
        "0.5-3-5.txt": 0.221796,
        "0.75-1-3.txt": 0.198004,
        "0.75-1-5.txt": 0.211644,
        "0.75-3-5.txt": 0.215072
    }
}