{
    "L1D": {
        "./prefetch_throttling_result/0.25-3-5.txt": 0.6464481996209729,
        "./prefetch_throttling_result/0.25-1-5.txt": 0.6636546899470626,
        "./prefetch_throttling_result/0.25-1-3.txt": 0.7536233693277573,
        "./prefetch_throttling_result/0.5-3-5.txt": 0.6826845763031404,
        "./prefetch_throttling_result/0.5-1-5.txt": 0.7067871286520668,
        "./prefetch_throttling_result/0.5-1-3.txt": 0.7619282401649935,
        "./prefetch_throttling_result/0.75-1-5.txt": 0.722633893268568,
        "./prefetch_throttling_result/0.75-3-5.txt": 0.7137235316526529,
        "./prefetch_throttling_result/0.75-1-3.txt": 0.759383661147573,
        "./baseline_no_throttling_result/baseline-no-prefetcher.txt": NaN,
        "./baseline_no_throttling_result/baseline-prefetcher.txt": 0.7075658398336128
    },
    "L2C": {
        "./prefetch_throttling_result/0.25-3-5.txt": 0.1969511368921408,
        "./prefetch_throttling_result/0.25-1-5.txt": 0.15184251626636436,
        "./prefetch_throttling_result/0.25-1-3.txt": 0.19728065262500688,
        "./prefetch_throttling_result/0.5-3-5.txt": 0.18105317572775653,
        "./prefetch_throttling_result/0.5-1-5.txt": 0.17425367089843533,
        "./prefetch_throttling_result/0.5-1-3.txt": 0.14920066797140913,
        "./prefetch_throttling_result/0.75-1-5.txt": 0.17796316689869165,
        "./prefetch_throttling_result/0.75-3-5.txt": 0.17086496579896843,
        "./prefetch_throttling_result/0.75-1-3.txt": 0.1825461542975929,
        "./baseline_no_throttling_result/baseline-no-prefetcher.txt": NaN,
        "./baseline_no_throttling_result/baseline-prefetcher.txt": 0.172458300820783
    }
}