{
    "L1D": {
        "0.25-1-7.txt": 0.631733626056056,
        "0.25-3-5.txt": 0.6464481996209729,
        "0.25-3-7.txt": 0.630643100798643,
        "0.25-1-5.txt": 0.6636546899470626,
        "0.25-5-7.txt": 0.6293033365070326,
        "0.25-1-3.txt": 0.7536233693277573,
        "0.25-5-7-0.25-16-16.txt": 0.626551570138009,
        "0.5-3-5.txt": 0.6826845763031404,
        "0.25-5-7-0.25-7-9.txt": 0.627656106600334,
        "0.25-5-7-0.25-11-13.txt": 0.62737775432244,
        "0.25-5-7-0.25-13-15.txt": 0.6267103696905816,
        "0.5-1-5.txt": 0.7067871286520668,
        "0.5-1-3.txt": 0.7619282401649935,
        "0.25-5-7-0.25-9-11.txt": 0.6279936587523964,
        "0.75-1-5.txt": 0.722633893268568,
        "0.75-3-5.txt": 0.7137235316526529,
        "0.75-1-3.txt": 0.759383661147573,
        "baseline-no-prefetcher.txt": NaN,
        "baseline-prefetcher.txt": 0.7075658398336128
    },
    "L2C": {
        "0.25-1-7.txt": 0.18471913449485267,
        "0.25-3-5.txt": 0.1969511368921408,
        "0.25-3-7.txt": 0.21776356642285144,
        "0.25-1-5.txt": 0.15184251626636436,
        "0.25-5-7.txt": 0.22493520590990923,
        "0.25-1-3.txt": 0.19728065262500688,
        "0.25-5-7-0.25-16-16.txt": 0.22961888237405767,
        "0.5-3-5.txt": 0.18105317572775653,
        "0.25-5-7-0.25-7-9.txt": 0.22596578123143096,
        "0.25-5-7-0.25-11-13.txt": 0.2282525842615384,
        "0.25-5-7-0.25-13-15.txt": 0.2291866412491276,
        "0.5-1-5.txt": 0.17425367089843533,
        "0.5-1-3.txt": 0.14920066797140913,
        "0.25-5-7-0.25-9-11.txt": 0.22554717757579854,
        "0.75-1-5.txt": 0.17796316689869165,
        "0.75-3-5.txt": 0.17086496579896843,
        "0.75-1-3.txt": 0.1825461542975929,
        "baseline-no-prefetcher.txt": NaN,
        "baseline-prefetcher.txt": 0.172458300820783
    }
}