{
    "L1D": {
        "baseline-no-prefetcher.txt": 0.0,
        "baseline-prefetcher.txt": 0.24766700213041262,
        "0.25-1-3.txt": 0.23670481984793185,
        "0.25-1-5.txt": 0.2680644195794325,
        "0.25-1-7.txt": 0.2948567223735812,
        "0.25-3-5.txt": 0.2675009345159208,
        "0.25-3-7.txt": 0.30518300393474634,
        "0.25-5-7-0.25-11-13.txt": 0.3356099123001921,
        "0.25-5-7-0.25-13-15.txt": 0.3364952045860312,
        "0.25-5-7-0.25-16-16.txt": 0.33739115091670124,
        "0.25-5-7-0.25-7-9.txt": 0.32715488256194736,
        "0.25-5-7-0.25-9-11.txt": 0.33394806337165267,
        "0.25-5-7.txt": 0.31920196730781925,
        "0.5-1-3.txt": 0.2262128816394814,
        "0.5-1-5.txt": 0.2632373468843614,
        "0.5-3-5.txt": 0.2768701734849718,
        "0.75-1-3.txt": 0.1926616895915348,
        "0.75-1-5.txt": 0.2514146723364656,
        "0.75-3-5.txt": 0.25589050441865435
    },
    "L2C": {
        "baseline-no-prefetcher.txt": 0.0,
        "baseline-prefetcher.txt": 0.1577135866897137,
        "0.25-1-3.txt": 0.15198266319128845,
        "0.25-1-5.txt": 0.13765490196793037,
        "0.25-1-7.txt": 0.20295360553136393,
        "0.25-3-5.txt": 0.1971413699503859,
        "0.25-3-7.txt": 0.26249538252162924,
        "0.25-5-7-0.25-11-13.txt": 0.30642600738156633,
        "0.25-5-7-0.25-13-15.txt": 0.3097902523051981,
        "0.25-5-7-0.25-16-16.txt": 0.3113811078882781,
        "0.25-5-7-0.25-7-9.txt": 0.2948163531109984,
        "0.25-5-7-0.25-9-11.txt": 0.2996589454443847,
        "0.25-5-7.txt": 0.2842042750650193,
        "0.5-1-3.txt": 0.09715818919950857,
        "0.5-1-5.txt": 0.142083626606064,
        "0.5-3-5.txt": 0.18179981202136355,
        "0.75-1-3.txt": 0.09695149759341709,
        "0.75-1-5.txt": 0.13720600524911958,
        "0.75-3-5.txt": 0.1575507309475612
    }
}