{
    "Cumulative IPC": {
        "0.25-1-7.txt": 0.230778,
        "0.25-3-5.txt": 0.224083,
        "0.25-3-7.txt": 0.242436,
        "0.25-1-5.txt": 0.212754,
        "0.25-5-7.txt": 0.246235,
        "0.25-1-3.txt": 0.211434,
        "0.5-3-5.txt": 0.221796,
        "0.5-1-5.txt": 0.213831,
        "0.5-1-3.txt": 0.20361,
        "0.75-1-5.txt": 0.211644,
        "0.75-3-5.txt": 0.215072,
        "0.75-1-3.txt": 0.198004,
        "baseline-no-prefetcher.txt": 0.142776,
        "baseline-prefetcher.txt": 0.21318
    }
}